118 NW Jackson Ave. Corvallis, Oregon 97330
327 NW Greenwood Ave Ste 303 Bend Oregon 97703
180 E 11th Ave Eugene Oregon 97401-3537
180 E 11th Ave Eugene Oregon 97401-3537
163 W Coe Ave Stanfield Oregon 97875
838 SW 1st Ave Ste 200 Portland Oregon 97204-3324
101 SW Main St Ste 1100 Portland Oregon 97204-1411
400 E Main St Ste 210 Hillsboro Oregon 97123-4160
1050 SW 6th Ave Ste 1100 Portland Oregon 97204
10 SW Salmon St Portland Oregon 97204-3208
223 Commercial St NE Salem Oregon 97301
101 SW Main St Ste 1100 Portland Oregon 97204-1411
333 SW Taylor St Portland Oregon 97204-2446
901 N Brutscher St Ste D237 Newberg Oregon 97132-6096
PO Box 3549 Salem Oregon 97302
180 E 11th Ave Eugene Oregon 97401-3537
PO Box 1198 Astoria Oregon 97103
101 SW Main St Ste 1100 Portland Oregon 97204-1411
294 Warner Milne Rd Oregon City Oregon 97045
101 SW Main St Ste 1700 Portland Oregon 97204-1411
106 Main St PO Box 1565 Nyssa Oregon 97913-0065
106 Main St PO Box 1565 Nyssa Oregon 97913-0065
121 SW Morrison St Ste 400 Portland Oregon 97204-3134
330 NE Lincoln St Ste 100 Hillsboro Oregon 97124-3263
455 SW Madison Ave Corvallis Oregon 97333
645 SE Jackson St Roseburg Oregon 97470-4935
5923 SE Franklin St Portland Oregon 97206
318 SE Jackson St Roseburg Oregon 97470-3342
465 Elrod Ave Ste 201 Coos Bay Oregon 97420-1532
1050 SW 6th Ave Ste 1414 Portland Oregon 97204-1154
333 SW Taylor St Ste 400 Portland Oregon 97204-2229
2043 Main St Baker City Oregon 97814-3351
301 W 6th St Medford Oregon 97501-2742
610 SW Alder St Ste 415 Portland Oregon 97205-3605
901 Washington Ave PO Box 3230 La Grande Oregon 97850
1001 Molalla Ave Ste 118 Oregon City Oregon 97045-3753
187 High St NE Ste 209 Salem Oregon 97301
221 SW 3rd Ave Albany Oregon 97321
220 Laurel St Medford Oregon 97501
10 SW Salmon St Portland Oregon 97204-3208
180 E 11th Ave Eugene Oregon 97401-3537
1549 SE Ladd Ave Portland Oregon 97214-4700
10 SW Salmon St Portland Oregon 97204-3208
PO Box 86682 Portland Oregon 97286
10 SW Salmon St Portland Oregon 97204-3208
109 NW Greenwood Ave Ste 103 Bend Oregon 97703
3252 Park Ave Minneapolis Minnesota 55407
PO Box 5248 Portland Oregon 97208-5248
4742 Liberty Rd S PMB 400 Salem Oregon 97302-5037
5289 NE Elam Young Pkwy Ste 110 Hillsboro Oregon 97124-3398
3800 SW Cedar Hills Blvd Ste 148 Beaverton Oregon 97005-4758
400 E Main St Ste 210 Hillsboro Oregon 97123-4160
Criminal Appellate 1175 Court St NE Salem Oregon 97301-4030
432 NW 3rd St Corvallis Oregon 97330
